{
  "execution_time": 0.0011873245239257812,
  "hypotheses_generated": 3,
  "experiments_completed": 3,
  "successful_experiments": 3,
  "publication_ready_results": 3,
  "significant_breakthroughs": 0,
  "results": [
    {
      "hypothesis_id": "Quantum-Enhanced Crossbar Optimization",
      "success": true,
      "metrics": {
        "experimental_mean": 0.9182458854489248,
        "control_mean": 0.6568552282442587,
        "effect_size": 4.0551909768717405,
        "improvement_factor": 1.3979425693289378
      },
      "statistical_significance": 0.001,
      "confidence_interval": [
        0.24906144265969993,
        0.27371987174963236
      ],
      "raw_data": [
        0.9684908747916008,
        1.0314667722191093,
        0.9444196657774585,
        0.9684424862344028,
        0.9812700685088396,
        0.9728315141601522,
        0.9399482173155366,
        0.9871047417012628,
        0.9102252258507255,
        0.8923926588457365,
        0.908794583309645,
        0.9432417932470628,
        0.9398887330522437,
        0.9082851757507914,
        0.8384756127431467,
        0.8480713012182696,
        0.9864676889675988,
        1.0651704678609724,
        0.9430129058484373,
        0.9025483417719885,
        0.8905412644100223,
        0.9216119164037694,
        0.9331010201480449,
        0.9150542065973872,
        0.8670115059888348,
        0.8806088050067339,
        0.9212558453222103,
        0.8886912746388016,
        0.874228896804722,
        1.0159433405603882,
        1.0167217532553485,
        0.9538744589815755,
        0.8419123088151735,
        0.9342802504669679,
        0.845662627360367,
        0.8813263047744265,
        0.8364800632800692,
        0.8329682671972574,
        0.8970505562388253,
        0.8786187539349126,
        0.9989206715483253,
        0.9046782291310103,
        0.9474979311620102,
        0.7885470025037056,
        0.8886045608455349,
        0.972418214989472,
        0.8769240500834337,
        0.9443571008033731,
        0.9070073235935491,
        0.9960623143068813,
        0.993436930475374,
        0.8537632386195254,
        0.9146645589304956,
        0.9092176662502953,
        0.8426504971777757,
        0.9445481980856855,
        0.9845042392655112,
        0.9261039496548629,
        0.8628886103620153,
        0.933644834608402,
        0.9168543460308632,
        0.9672482699550298,
        0.9597858639460095,
        0.9398850902614245,
        0.9160564449118541,
        0.965204328308762,
        0.8794344377731826,
        0.8558151019948266,
        0.9032265939634038,
        0.9047393196495201,
        0.8480256731856777,
        0.8782980481831034,
        0.8214387423748547,
        0.9541385143995017,
        0.9088986537489263,
        0.916587420586832,
        0.8572451142243638,
        0.8424852692870161,
        0.8579453636212306,
        0.8676225682312827,
        0.8626476192817178,
        0.8864192552742295,
        0.9199389968678189,
        0.9647536468279501,
        0.9513880995292745,
        0.9321758363423509,
        0.8804184497120328,
        0.9823359032461699,
        1.0373440977267567,
        0.9658402491992208,
        0.6024347287555075,
        0.5927902427828422,
        0.6386074965183591,
        0.6431273896089345,
        0.7044216051067684,
        0.7348214164077889,
        0.6675169052373167,
        0.6263252153441442,
        0.6451808204970123,
        0.6062460878039022,
        0.7242827044437272,
        0.7176339257780301,
        0.5339944006454508,
        0.6616895156246736,
        0.6628885435230903,
        0.6801630701371711,
        0.7306147476819382,
        0.7726437833417455,
        0.6583226049819721,
        0.6699972082274546,
        0.6537550617662172,
        0.6974406217415411,
        0.685473615813237,
        0.60989332279858,
        0.6909686329119333,
        0.6460156664550243,
        0.6807870278672865,
        0.5947538180663322,
        0.7596425599950234,
        0.7854404751048795,
        0.5619822766386353,
        0.636546294856453,
        0.7506444027787416,
        0.7389088749961739,
        0.5720303718330242,
        0.6517308516600931,
        0.7385144370059454,
        0.7187006141948715,
        0.6105950828898077,
        0.5781879782746328,
        0.5329420978127333,
        0.7173861718412431,
        0.5660396895120249,
        0.6471306826709148,
        0.6902239679201009,
        0.5150026556916056,
        0.7183942982484993,
        0.7243950034269526,
        0.6652213365040125,
        0.7269876736942962,
        0.6280963423472916,
        0.6602336745797748,
        0.5917426064469228,
        0.7535934183729155,
        0.556888444325539,
        0.6163220604172313,
        0.7004704600011687,
        0.7220995479843497,
        0.5968118240275619,
        0.5164956828407301,
        0.6569830062116627,
        0.6948354842208765,
        0.6775894846741923,
        0.596098908987063,
        0.6033752713716029,
        0.582277648861197,
        0.5797265659584478,
        0.6620158663300902,
        0.5466716126797873,
        0.5798681745435484,
        0.6318093163519697,
        0.6155021957868775,
        0.7352385932748956,
        0.7180249575337494,
        0.6948800545487199,
        0.7277959836840469,
        0.539305811175151,
        0.6430516509138479,
        0.7436466471578973,
        0.7041660500179938,
        0.6276729661390764,
        0.7131486125829135,
        0.7084239251053435,
        0.6176514547861495,
        0.6973795644581021,
        0.7082862581577462,
        0.6426211466930835,
        0.7337274075381133,
        0.6373303956510873,
        0.6156734878259177
      ],
      "analysis_summary": "Experimental condition showed 0.918 vs control 0.657 (p=0.0010, effect_size=4.055)",
      "publication_ready": true
    },
    {
      "hypothesis_id": "Adaptive Evolutionary Neuroplasticity",
      "success": true,
      "metrics": {
        "experimental_mean": 0.9212590289522182,
        "control_mean": 0.642324313512034,
        "effect_size": 3.366215205130766,
        "improvement_factor": 1.4342583794081436
      },
      "statistical_significance": 0.001,
      "confidence_interval": [
        0.26492311350619047,
        0.292946317374178
      ],